Name,Age,Hometown,Home country,Boarded,Destination,Lifeboat,Body
"Abbing, Mr. Anthony",40,"Cincinnati, Ohio",US,Southampton,"Cincinnati, Ohio, US",,
"Abbott, Mrs. Rhoda Mary (née Hunt)",39,"East Providence, Rhode Island",US,Southampton,"East Providence, Rhode Island, US",A,
"Abbott, Mr. Rossmore Edward",16,"East Providence, Rhode Island",US,Southampton,"East Providence, Rhode Island, US",,190MB
"Abbott, Mr. Eugene Joseph",14,"East Providence, Rhode Island",US,Southampton,"East Providence, Rhode Island, US",,
"Abd al-Khaliq, Mr. Farid Qasim Husayn",18,Shana,Lebanon,Cherbourg,New York City,,
"Abelseth, Miss Karen Marie",16,Sunnmøre,Norway,Southampton,"Los Angeles, California, US",16,
"Abelseth, Mr. Olaus Jørgensen",25,"Perkins County, South Dakota",US,Southampton,"Perkins County, South Dakota, US",A,
"Abrahamsson, Mr. Abraham August Johannes",20,Dalsbruk,Finland,Southampton,"Hoboken, New Jersey, US",15,
"Abrahim, Mrs. Mary Sophie Halaut (née Easu)",18,Shwayhad,Syria,Cherbourg,"Greensburg, Pennsylvania, US",C,
"Adahl, Mr. Mauritz Nils Martin",30,"Asarum, Småland",Sweden,Southampton,"Brooklyn, New York, US",,72MB
"Adams, Mr. John",26,"Bournemouth, Dorset",England,Southampton,"La Porte City, Iowa, US",,103MB
"Ahlin, Mrs. Johanna Persdotter (née Larsson)",40,"Göteborg, Västergötland",Sweden,Southampton,"Akeley, Minnesota, US",,
"Aks, Mrs. Leah (née Rosen)",18,London,England,Southampton,"Norfolk, Virginia, US",13,
"Aks, Master Frank Philip",10 mo.,London,England,Southampton,"Norfolk, Virginia, US",11,
"Al-Muna, Mr. Nasif Qasim",26,"Fredericksburg, Virginia",US,Cherbourg,"Fredericksburg, Virginia, US",15,
"Alexander, Mr. William",23,"Great Yarmouth, Norfolk",England,Southampton,"Albion, Michigan, US",,
"Alhomäki, Mr. Ilmari Rudolf",19,Salo,Finland,Southampton,"Astoria, Oregon, US",,
"Ali, Mr. Ahmed",24,Buenos Aires,Argentina,Southampton,New York City,,
"Ali, Mr. William",25,Buenos Aires,Argentina,Southampton,New York City,,79MB
"Allen, Mr. William Henry",35,"Birmingham, West Midlands",England,Southampton,New York City,,
"Allum, Mr. Owen George",15,"Southall, London",England,Southampton,New York City,,259MB
"Al-Zainni, Mr. Fahim Ruhanna",22,Toula,Lebanon,Cherbourg,"Dayton, Ohio, US",6,
"Andersen, Mr. Albert Karvin",33,Bergen,Norway,Southampton,New York City,,260MB
"Andersen-Jensen, Miss Carla Christine",19,Eskilstrup,Denmark,Southampton,"Portland, Oregon, US",16,
"Andersson, Mr. Anders Johan",39,"Kisa, Östergötland",Sweden,Southampton,"Winnipeg, Manitoba, Canada",,
"Andersson, Mrs. Alfrida Konstantia (née Brogren)",39,"Kisa, Östergötland",Sweden,Southampton,"Winnipeg, Manitoba, Canada",,
"Andersson, Miss Sigrid Elisabeth",11,"Kisa, Östergötland",Sweden,Southampton,"Winnipeg, Manitoba, Canada",,
"Andersson, Miss Ingeborg Constanzia",9,"Kisa, Östergötland",Sweden,Southampton,"Winnipeg, Manitoba, Canada",,
"Andersson, Miss Ebba Iris Alfrida",6,"Kisa, Östergötland",Sweden,Southampton,"Winnipeg, Manitoba, Canada",,
"Andersson, Master Sigvard Harald Elias",4,"Kisa, Östergötland",Sweden,Southampton,"Winnipeg, Manitoba, Canada",,
"Andersson, Miss Ellis Anna Maria",2,"Kisa, Östergötland",Sweden,Southampton,"Winnipeg, Manitoba, Canada",,
"Andersson, Miss Erna Alexandra",17,Ruotsinpyhtää,Finland,Southampton,New York City,D,
"Andersson, Miss Ida Augusta Margareta",38,"Vadsbro, Sörmland",Sweden,Southampton,"Manistee, Michigan, US",,
"Andersson, Mr. Johan Samuel",26,"Hartford, Connecticut",US,Southampton,"Hartford, Connecticut, US",,
"Andreasson, Mr. Paul Edvin",20,"Kalfsnäs, Småland",Sweden,Southampton,"Chicago, Illinois, US",,
"Angheloff, Mr. Minko",26,"Terziysko, Troyan",Bulgaria,Southampton,"Chicago, Illinois, US",,
"Arnold-Franchi, Mr. Josef",25,"Altdorf, Uri",Switzerland,Southampton,"New Glarus, Wisconsin, US",,
"Arnold-Franchi, Mrs. Josefine (née Franchi)",18,"Altdorf, Uri",Switzerland,Southampton,"New Glarus, Wisconsin, US",,
"Aronsson, Mr. Ernst Axel Algot",24,"Horset, Småland",Sweden,Southampton,"Joliet, Illinois, US",,
"Asim, Mr. Adola",35,Buenos Aires,Argentina,Southampton,New York City,,
"Asplund, Mr. Carl Oscar Vilhelm Gustafsson",40,"Alseda, Småland",Sweden,Southampton,"Worcester, Massachusetts, US",,142MB
"Asplund, Mrs. Selma Augusta Emilia (née Johansson)",38,"Alseda, Småland",Sweden,Southampton,"Worcester, Massachusetts, US",15,
"Asplund, Master Filip Oscar",13,"Alseda, Småland",Sweden,Southampton,"Worcester, Massachusetts, US",,
"Asplund, Master Clarence Gustaf Hugo",9,"Alseda, Småland",Sweden,Southampton,"Worcester, Massachusetts, US",,
"Asplund, Master Carl Edgar",5,"Alseda, Småland",Sweden,Southampton,"Worcester, Massachusetts, US",,
"Asplund, Miss Lillian Gertrud",5,"Alseda, Småland",Sweden,Southampton,"Worcester, Massachusetts, US",15,
"Asplund, Master Edvin Rojj Felix",3,"Alseda, Småland",Sweden,Southampton,"Worcester, Massachusetts, US",15,
"Asplund, Mr. Johan Charles",23,"Oskarshamn, Kalmar",Sweden,Southampton,"Minneapolis, Minnesota, US",13,
"Assaf, Mrs. Mariyam (née Khalil)",45,Kafr Mishki,Lebanon,Cherbourg,"Ottawa, Ontario, Canada",C,
"Assam, Mr. Ali",23,Buenos Aires,Argentina,Southampton,New York City,,
"Attala, Mr. Sleiman",30,"Ottawa, Ontario",Canada,Cherbourg,"Ottawa, Ontario, Canada",,
"Atta Allah, Miss Malakah",17,Beirut,Lebanon,Cherbourg,New York City,,
"Augustsson, Mr. Albert",23,"Krakoryd, Småland",Sweden,Southampton,"Bloomington, Indiana, US",,
"Ayyub Dahir, Miss Bannurah",15,Beirut,Lebanon,Cherbourg,"Owen Sound, Ontario, Canada",C,
"Bakus, Mr. Raful",20,Unknown,Lebanon,Cherbourg,New York City,,
"Backström, Mr. Karl Alfred",32,Kotka,Finland,Southampton,New York City,,
"Backström, Mrs. Maria Mathilda (née Gustafsson)[65][83]",33,Kotka,Finland,Southampton,New York City,D,
"Badman, Miss Emily Louisa",18,"Clevedon, North Somerset",England,Southampton,"Skaneateles, New York, US",C,
"Badt, Mr. Mohamed",40,Tripoli,Lebanon,Cherbourg,New York City,,
"Bakić, Mr. Kerim",26,Bosanska Krupa,Bosnia,Southampton,"Harrisburg, Pennsylvania, US",,
"Banski, Mrs. Mara (née Osman)",31,Vagovina,Croatia,Southampton,"Steelton, Pennsylvania, US",?,
"Baqlini, Mrs. Mariyam Latifa (née Qurban)",24,Ḑuhūr ash Shuwayr,Lebanon,Cherbourg,"Brooklyn, New York, US",C,
"Baqlini, Miss Mariya Katarin",5,Ḑuhūr ash Shuwayr,Lebanon,Cherbourg,"Brooklyn, New York, US",C,
"Baqlini, Miss Eujini",4,Ḑuhūr ash Shuwayr,Lebanon,Cherbourg,"Brooklyn, New York, US",C,
"Baqlini, Miss Hileni Barbarah",9 mo.,Ḑuhūr ash Shuwayr,Lebanon,Cherbourg,"Brooklyn, New York, US",C,
"Barbarah, Mrs. Katarin Dawud",45,Kafr Mishki,Lebanon,Cherbourg,"Ottawa, Ontario, Canada",,
"Barbarah, Miss Saidah",18,Kafr Mishki,Lebanon,Cherbourg,"Ottawa, Ontario, Canada",,
"Barry, Miss Julia",26,"New York City, New York",US,Queenstown,New York City,,
"Barton, Mr. David John",22,"Cambridge, Cambridgeshire",England,Southampton,New York City,,
"Beavan, Mr. William Thomas",18,"Fillingham, Lincolnshire",England,Southampton,"Russell, US",,
"Bengtsson, Mr. Johan Viktor",26,"Fridhemsberg, Halland",Sweden,Southampton,"Monee, Illinois, US",,
"Berglund, Mr. Karl Ivar Sven",22,Firtby,Finland,Southampton,New York City,,
"Betros, Mr. Tannous",20,Zgharta,Lebanon,Cherbourg,"Waterbury, Connecticut, US",,
"Birkeland, Mr. Hans Martin Monsen",21,Bremnes,Norway,Southampton,New York City,,
"Björklund, Mr. Ernst Herbert",18,Stockholm,Sweden,Southampton,New York City,,
"Bostandyeff, Mr. Guentcho",26,Unknown,Bulgaria,Southampton,"Chicago, Illinois, US",,
"Bourke, Mr. John",42,"Carrowskehine, Mayo",Ireland,Queenstown,"Chicago, Illinois, US",,
"Bourke, Mrs. Catherine (née McHugh)",32,"Carrowskehine, Mayo",Ireland,Queenstown,"Chicago, Illinois, US",,
"Bourke, Miss Mary",40,"Carrowskehine, Mayo",Ireland,Queenstown,"Chicago, Illinois, US",,
"Bowen, Mr. David John ""Dai""",20,"Treherbert, Glamorgan",Wales,Southampton,New York City,,
"Bradley, Miss Bridget Delia",22,"Kingwilliamstown, Cork",Ireland,Queenstown,"Glen Falls, New York, US",13,
"Braf, Miss Elin Ester Maria",20,"Medeltorp, Småland",Sweden,Southampton,"Chicago, Illinois, US",,
"Braund, Mr. Lewis Richard",29,"Bridgerule, Devon",England,Southampton,"Qu'Appelle Valley, Saskatchewan, Canada",,
"Braund, Mr. Owen Harris",22,"Bridgerule, Devon",England,Southampton,"Qu'Appelle Valley, Saskatchewan, Canada",,
"Brobeck, Mr. Karl Rudolf",22,"Norrköping, Östergötland",Sweden,Southampton,"Worcester, Massachusetts, US",,
"Brocklebank, Mr. William Alfred",35,"Broomfield, Essex",England,Southampton,New York City,,
"Buckley, Mr. Daniel",21,"Kingwilliamstown, Cork",Ireland,Queenstown,New York City,13,
"Buckley, Miss Catherine",22,"Ovens, Cork",Ireland,Queenstown,"Roxbury, Massachusetts, US",,299MB
"Bulus, Mrs. Sultanah (née Rizq)",40,Unknown,Lebanon,Cherbourg,"Kent, British Columbia, Canada",,
"Bulus, Master Akar",9,Unknown,Lebanon,Cherbourg,"Kent, British Columbia, Canada",,
"Bulus, Miss Nur-al-Ayn",7,Unknown,Lebanon,Cherbourg,"Kent, British Columbia, Canada",,
"Burke, Mr. Jeremiah",19,"Glanmire, Cork",Ireland,Queenstown,"Charlestown, US",,
"Burns, Miss Mary Delia",17,"Kilmacowen, Sligo",Ireland,Queenstown,New York City,,
"Butrus-Youssef, Mrs. Katarin (née Rizk)",24,Sar'al[84],Syria[84],Cherbourg,"Detroit, Michigan, US",C,
"Butrus-Youssef, Master Makhkhul",4,Sar'al[84],Syria[84],Cherbourg,"Detroit, Michigan, US",D,
"Butrus-Youssef, Miss Marianna",2,Sar'al[84],Syria[84],Cherbourg,"Detroit, Michigan, US",C,
"Čačić, Mr. Jego Grga",18,Široka Kula,Croatia,Southampton,"Chicago, Illinois, US",,
"Čačić, Mr. Luka",38,Široka Kula,Croatia,Southampton,"Chicago, Illinois, US",,
"Čačić, Miss Marija",30,Široka Kula,Croatia,Southampton,"Chicago, Illinois, US",,
"Čačić, Miss Manda",21,Široka Kula,Croatia,Southampton,"Chicago, Illinois, US",,
"Čalić, Mr. Jovo",17,Brezik,Croatia,Southampton,"Sault Ste. Marie, Michigan, US",,
"Čalić, Mr. Petar",17,Brezik,Croatia,Southampton,"Sault Ste. Marie, Michigan, US",,
"Canavan, Miss Mary",22,"Tonacrick, Clare",Ireland,Queenstown,"Philadelphia, Pennsylvania, US",,
"Canavan, Mr. Patrick ""Peter""",21,"Knockmaria, Mayo",Ireland,Queenstown,"Philadelphia, Pennsylvania, US",,
"Cann, Mr. Ernest Charles",21,"Penwithick, Cornwall",England,Southampton,New York City,,
"Caram, Mr. Joseph",28,Kfar Mechi,Syria,Cherbourg,"Ottawa, Ontario, Canada",,28MB[85]
"Caram, Mrs. Maria (née Elias)",18,Kfar Mechi,Syria,Cherbourg,"Ottawa, Ontario, Canada",,
"Carlsson, Mr. Carl Robert",24,"Göteborg, Västergötland",Sweden,Southampton,"Huntley, Illinois, US",,
"Carlsson, Mr. August Sigfrid",24,"Dagsås, Halland",Sweden,Southampton,"Tower, Minnesota, US",,
"Carr, Miss Jane",47,"Aclare, Sligo",Ireland,Queenstown,"Hartford, Connecticut, US",,
"Carver, Mr. Alfred John",28,"Southampton, Hampshire",England,Southampton,New York City,,
"Celotti, Mr. Francesco",24,Milan[86],Italy,Southampton,,,
"Chang, Mr. Chip",32,Hong Kong,China,Southampton,New York City,C,
"Charters, Mr. David",28,"Ballinalee, Longford",Ireland,Queenstown,New York City,,
"Cheong, Mr. Foo",32,Hong Kong,China,Southampton,New York City,C,
"Christmann, Mr. Emil",29,London,England,Southampton,New York City,,
"Chronopoulos, Mr. Apostolos",26,"Agios Sostis, Peloponnese",Greece,Cherbourg,New York City,,
"Chronopoulos, Mr. Dimitrios",18,"Agios Sostis, Peloponnese",Greece,Cherbourg,New York City,,
"Coelho, Mr. Domingos Fernandes",20,"Funchal, Madeira Islands",Portugal,Southampton,New York City,,
"Cohen, Mr. Gershon ""Gus""",18,London,England,Southampton,"Brooklyn, New York, US",12,
"Colbert, Mr. Patrick",24,"Kilkinlea, Limerick",Ireland,Queenstown,"Sherbrooke, Quebec, Canada",,
"Coleff, Mr. Fotio",24,"Debnevo, Troyan",Bulgaria,Southampton,"Chicago, Illinois, US",,
"Coltcheff, Mr. Peju",36,"Gumostnik, Lovec",Bulgaria,Southampton,"Chicago, Illinois, US",,
"Conlon, Mr. Thomas Henry",31,"Philadelphia, Pennsylvania",US,Queenstown,"Philadelphia, Pennsylvania, US",,
"Connaghton, Mr. Michael",31,"Brooklyn, New York",US,Queenstown,"Brooklyn, New York, US",,
"Connolly, Miss Catherine ""Kate""",35,"Bank Place, Tipperary",Ireland,Queenstown,"Dobbs Ferry, New York, US",,
"Connolly, Miss Katherine ""Kate""",22,"Cortrasna, Cavan",Ireland,Queenstown,New York City,13,
"Connors, Mr. Patrick John",61,"Charleville, Cork",Ireland,Queenstown,New York City,,171MB
"Cook, Mr. Jacob(Kukk, Mr. Jakob?)",43,Unknown(Estonia?),Russia(Estonia?),Southampton,New York City,,
"Čor, Mr. Bartol",35,Kricina,Croatia,Southampton,"Great Falls, Montana, US",,
"Čor, Mr. Ivan",27,Kricina,Croatia,Southampton,"Great Falls, Montana, US",,
"Čor, Mr. Liudevit",19,Kricina,Croatia,Southampton,"Great Falls, Montana, US",,
"Corn, Mr. Henry ""Harry""",30,London,England,Southampton,New York City,,
"Corr, Miss Helen",16,"Corglass, Longford",Ireland,Queenstown,New York City,16,
"Coutts, Mrs. Mary Winnie (née Trainer)",36,London,England,Southampton,"Brooklyn, New York, US",2,
"Coutts, Master William Loch ""Willie""",9,London,England,Southampton,"Brooklyn, New York, US",2,
"Coutts, Master Neville Leslie",3,London,England,Southampton,"Brooklyn, New York, US",2,
"Coxon, Mr. Daniel",59,London,England,Southampton,"Merrill, Wisconsin, US",,
"Crease, Mr. Ernest James",19,"Bristol, Avon",England,Southampton,"Cleveland, Ohio, US",,
"Cribb, Mr. John Hatfield",44,"Bournemouth, Dorset",England,Southampton,"Newark, New Jersey, US",,
"Cribb, Miss Laura Mae",16,"Bournemouth, Dorset",England,Southampton,"Newark, New Jersey, US",12,
"Čulumović, Mr. Jeso",17,Lipova Glavica,Croatia,Southampton,"Hammond, Indiana, US",,
"Dahir, Mr. Tannous",28,Beirut,Lebanon,Cherbourg,"Youngstown, Ohio, US",,
"Dahl, Mr. Charles Edwart",45,"Adelaide, South Australia",Australia,Southampton,"Fingal, North Dakota, US",15,
"Dahlberg, Miss Gerda Ulrika",22,Stockholm,Sweden,Southampton,"Chicago, Illinois, US",,
"Dakić, Mr. Branko",19,Gornji Miholjac,Croatia,Southampton,New York City,,
"Daly, Miss Margaret ""Maggie""",30,"Athlone, Westmeath",Ireland,Queenstown,New York City,15,
"Daly, Mr. Eugene Patrick",29,"Athlone, Westmeath",Ireland,Queenstown,New York City,B,
"Danbom, Mr. Ernst Gilbert",34,"Göteborg, Västergötland",Sweden,Southampton,"Stanton, Iowa, US",,197MB
"Danbom, Mrs. Anna Sigrid Maria (née Brogren)",28,"Göteborg, Västergötland",Sweden,Southampton,"Stanton, Iowa, US",,
"Danbom, Master Gilbert Sigvard Emanuel",4 mo.,"Göteborg, Västergötland",Sweden,Southampton,"Stanton, Iowa, US",,
"Danoff, Mr. Yoto",27,Unknown,Bulgaria,Southampton,"Chicago, Illinois, US",,
"Dantcheff, Mr. Ristju",25,"Terziysko, Troyan",Bulgaria,Southampton,"Chicago, Illinois, US",,
"Davies, Mr. Evan",22,"Pontardawe, West Glamorgan",Wales,Southampton,"Pontiac, Michigan, US",,
"Davies, Mr. Alfred John",24,"West Bromwich, Staffordshire",England,Southampton,"Pontiac, Michigan, US",,
"Davies, Mr. John Samuel",21,"West Bromwich, Staffordshire",England,Southampton,"Pontiac, Michigan, US",,
"Davies, Mr. Joseph",17,"West Bromwich, Staffordshire",England,Southampton,"Pontiac, Michigan, US",,
"Davison, Mr. Thomas Henry ""Harry""",32,"Liverpool, Merseyside",England,Southampton,"Bedford, Indiana, US",,
"Davison, Mrs. Mary Elizabeth",34,"Liverpool, Merseyside",England,Southampson,"Bedford, Indiana, US",16,
"De Messemaeker, Mr. Guillaume Joseph",36,"Tampico, Montana",US,Southampton,"Tampico, Montana, US",15,
"De Messemaeker, Mrs. Anna (née de Becker)",36,"Tampico, Montana",US,Southampton,"Tampico, Montana, US",13,
"de Mulder, Mr. Theodoor",36,"Aspelare, East Flanders",Belgium,Southampton,"Detroit, Michigan, US",11,
"de Pelsmaeker, Mr. Alfons",16,"Heldergem, Haaltert, East Flanders",Belgium,Southampton,"Gladstone, Michigan, US",,
"Dean, Mr. Bertram Frank",25,"Bartley Farm, Hampshire",England,Southampton,"Wichita, Kansas, US",,
"Dean, Mrs. Eva Georgetta (née Light)",32,"Bartley Farm, Hampshire",England,Southampton,"Wichita, Kansas, US",10,
"Dean, Master Bertram Vere",1,"Bartley Farm, Hampshire",England,Southampton,"Wichita, Kansas, US",10,
"Dean, Miss Elizabeth Gladys ""Millvina""",2 mo.,"Bartley Farm, Hampshire",England,Southampton,"Wichita, Kansas, US",10,
"Delalić, Mr. Redjo",25,Bakić,Bosnia,Southampton,"Harrisburg, Pennsylvania, US",,
"Denkoff, Mr. Mitto",30,Unknown,Bulgaria,Southampton,"Coon Rapids, Iowa, US",,
"Dennis, Mr. William",26,"Week St Mary, Cornwall",England,Southampton,"Saskatoon, Saskatchewan, Canada",,
"Dennis, Mr. Samuel",22,"Week St Mary, Cornwall",England,Southampton,"Saskatoon, Saskatchewan, Canada",
"Devaney, Miss Margaret Delia",19,"Kilmacowen, Sligo",Ireland,Queenstown,New York City,C,
"Dika, Mr. Mirko",17,Podgora,Croatia,Southampton,"Vancouver, British Columbia, Canada",,
"Dimić, Mr. Jovan",42,Ostrovica,Croatia,Southampton,"Red Lodge, Montana, US",,
"Dintcheff, Mr. Valtcho",43,Unknown,Bulgaria,Southampton,"Tulsa, Oklahoma, US",,
"Donohoe, Miss Bridget",21,"Cum, Mayo",Ireland,Queenstown,"Chicago, Illinois, US",,
"Dooley, Mr. Patrick J.",43,"Patrickswell, Limerick",Ireland,Queenstown,New York City,,
"Dorking, Mr. Edward Arthur",18,"Liss, Hampshire",England,Southampton,"Oglesby, Illinois, US",B,
"Doherty, Mr. William John (aka ""James Moran"")",22,Cork,Ireland,Queenstown,New York City,,
"Dowdell, Miss Elizabeth",31,"New York City, New York",US,Southampton,New York City,13,
"Doyle, Miss Elizabeth",24,"Bree, Wexford",Ireland,Queenstown,New York City,,
"Draženović, Mr. Jozef",33,Hrastelnica,Croatia,Cherbourg,New York City,,51MB
"Dropkin, Miss Jennie",24,Mogilev,Belarus,Southampton,New York City,13,
"Duquemin, Mr. Joseph Pierre",19,"Saint Sampson, Guernsey, Channel Islands",England,Southampton,"Albion, New York, US",D,
"Dwan, Mr. Frank",65,"Bunmahon, Waterford",Ireland,Queenstown,"Morris Plains, New Jersey, US",,
"Dyker, Mr. Adolf Fredrik",23,"New Haven, Connecticut",US,Southampton,"New Haven, Connecticut, US",,
"Dyker, Mrs. Anna Elisabeth Judith (née Andersson)",22,"New Haven, Connecticut",US,Southampton,"New Haven, Connecticut, US",16,
"Edvardsson, Mr. Gustaf Hjalmar",18,"Tofta, Uppland",Sweden,Southampton,"Joliet, Illinois, US",,
"Eklund, Mr. Hans Linus",16,"Kårberg, Örebro",Sweden,Southampton,"Jerome Junction, Arizona, US",,
"Ekström, Mr. Johan",45,"Effington Rut, South Dakota",US,Southampton,"Effington Rut, South Dakota, US",,
"Elias, Mr. Dibo",29,Unknown,Lebanon,Cherbourg,New York City,,
"Elias, Mr. Joseph Jr.",15,Kafr Mishki,Lebanon,Cherbourg,"Ottawa, Ontario, Canada",,
"Elias Nasrallah, Mr. Tannous",17,Kafr Mishki,Lebanon,Cherbourg,"Ottawa, Ontario, Canada",,
"Elsbury, Mr. William James",47,"Taunton, Somerset",England,Southampton,"Gurnee, Illinois, US",,
"Emanuel, Miss Virginia Ethel",6,"New York City, New York",US,Southampton,New York City,13,
"Estanislau, Mr. Manuel Gonçalves",37,"Calheta, Madeira",Portugal,Southampton,New York City,,
"Everett, Mr. Thomas James",39,"Bristol, Avon",England,Southampton,"Troy, New York, US",,187MB
"Fardon, Mr. Charles R.(alias Charles Franklin)",38,"Wellingborough, Northamptonshire",England,Cherbourg,Canada,,
"Farrell, Mr. James ""Jim""",25,"Killoe, Longford",Ireland,Queenstown,New York City,,68MB
"Finoli, Mr. Luigi",34,"Philadelphia, Pennsylvania",US,Southampton,"Philadelphia, Pennsylvania, US",15,
"Fischer, Mr. Eberhard Thelander",18,"Björkeberga, Skåne",Sweden,Southampton,New York City,,
"Fleming, Miss Honora ""Nora""",22,"Carrowskehine, Mayo",Ireland,Queenstown,New York City,,
"Flynn, Mr. James",28,"Cuilkillew, Mayo",Ireland,Queenstown,New York City,,
"Flynn, Mr. John",42,"Clonbur, Galway",Ireland,Queenstown,"Pittsburgh, Pennsylvania, US",,
"Foley, Mr. Joseph",19,"Broadford, Limerick",Ireland,Queenstown,"Larchmont, New York, US",,
"Foley, Mr. William",20,"Donoughmore, Cork",Ireland,Queenstown,New York City,,
"Ford, Mr. Arthur",22,"Bridgwater, Somerset",England,Southampton,"Elmira, New York, US",,
"Ford, Mrs. Margaret Ann (née Watson)",48,"Rotherfield, East Sussex",England,Southampton,"Essex County, New Jersey, US",,
"Ford, Miss Dollina Margaret",20,"Rotherfield, East Sussex",England,Southampton,"Essex County, New Jersey, US",,
"Ford, Mr. Edward Watson",18,"Rotherfield, East Sussex",England,Southampton,"Essex County, New Jersey, US",,
"Ford, Mr. William Neal Thomas",16,"Rotherfield, East Sussex",England,Southampton,"Essex County, New Jersey, US",,
"Ford, Miss Robina Maggie",7,"Rotherfield, East Sussex",England,Southampton,"Essex County, New Jersey, US",,
"Fox, Mr. Patrick",28,"Mullingar, Westmeath",Ireland,Queenstown,New York City,,
"Gallagher, Mr. Martin",29,"Caltra, Galway",Ireland,Queenstown,New York City,,
"Garfirth, Mr. John",21,"Wollaston, Northamptonshire",England,Southampton,"Kitchener, Ontario, Canada",,
"Gerios Thamah, Mr. Assaf",21,Kafr Mishki,Lebanon,Cherbourg,"Ottawa, Ontario, Canada",,
"Gheorgheff, Mr. Stanio",–,Unknown,Bulgaria,Cherbourg,"Butte, Montana, US",,
"Gilinski, Mr. Eliezer",22,"Abercynon, Glamorgan",Wales,Southampton,"Chicago, Illinois, US",,47MB
"Gilnagh, Miss Mary Katherine ""Katie""",17,"Esker, Longford",Ireland,Queenstown,New York City,16,
"Glynn, Miss Mary Agatha",19,"Killaloe, Clare",Ireland,Queenstown,"Washington, DC, US",13,
"Goldsmith, Mr. Frank John",33,"Strood, Kent",England,Southampton,"Detroit, Michigan, US",,
"Goldsmith, Mrs. Emily Alice (née Brown)",31,"Strood, Kent",England,Southampton,"Detroit, Michigan, US",C,
"Goldsmith, Master Frank John William",9,"Strood, Kent",England,Southampton,"Detroit, Michigan, US",C,
"Goldsmith, Mr. Nathan",41,Unknown,Russia,Southampton,"Philadelphia, Pennsylvania, US",,
"Goodwin, Mr. Frederick Joseph",42,Fulham,England,Southampton,"Niagara Falls, New York, US",,
"Goodwin, Mrs. Augusta (née Tyler)",43,Fulham,England,Southampton,"Niagara Falls, New York, US",,
"Goodwin, Miss Lillian Amy",16,Fulham,England,Southampton,"Niagara Falls, New York, US",,
"Goodwin, Mr. Charles Edward",14,Fulham,England,Southampton,"Niagara Falls, New York, US",,
"Goodwin, Master William Frederick",13,Fulham,England,Southampton,"Niagara Falls, New York, US",,
"Goodwin, Miss Jessie Allis Mary",12,Fulham,England,Southampton,"Niagara Falls, New York, US",,
"Goodwin, Master Harold Victor",10,Fulham,England,Southampton,"Niagara Falls, New York, US",,
"Goodwin, Master Sidney Leslie",1,Fulham,England,Southampton,"Niagara Falls, New York, US",,4MB[87]
"Green, Mr. George Henry",40,"Dorking, Surrey",England,Southampton,"Lead, South Dakota, US",,
"Grønnestad, Mr. Daniel Danielsen",32,Bokn,Norway,Southampton,"Portland, North Dakota, US",,
"Guest, Mr. Robert",32,London,England,Southampton,"Clinton, New York, US",,
"Gustafsson, Mr. Alfred Ossian",19,Kokkola,Finland,Southampton,"Waukegan, Illinois, US",,
"Gustafsson, Mr. Anders Vilhelm",37,Ruotsinpyhtää,Finland,Southampton,New York City,,98MB
"Gustafsson, Mr. Johan Birger",28,Ruotsinpyhtää,Finland,Southampton,New York City,,
"Gustafsson, Mr. Karl Gideon",19,"Myren, Synnerby, Västergötland",Sweden,Southampton,"Aberdeen, South Dakota, US",,
"Haas, Miss Aloisia",24,"Altdorf, Uri",Switzerland,Southampton,"Chicago, Illinois, US",,
"Hagland, Mr. Ingvald Olai Olsen",28,"Skåre, Haugesund",Norway,Southampton,"Belmar, New Jersey, US",,
"Hagland, Mr. Konrad Mathias Reiersen",19,"Skåre, Haugesund",Norway,Southampton,"Belmar, New Jersey, US",,
"Hakkarainen, Mr Pekka Pietari",28,Helsinki,Finland,Southampton,"Monessen, Pennsylvania, US",,
"Hakkarainen, Mrs. Elin Matilda (née Dolck)",24,Helsinki,Finland,Southampton,"Monessen, Pennsylvania, US",15,
"Hampe, Mr. Léon Jérome",19,Westrozebeke,Belgium,Southampton,"Detroit, Michigan, US",,
"Hanna, Mr. Borak Suleiman",27,Hardîne,Lebanon,Cherbourg,"Wilkes-Barre, Pennsylvania, US",15,
"Hanna, Mr. Bulus",18,Kfar Mechi,Syria,Cherbourg,"Ottawa, Ontario, Canada",,
"Hanna, Mr. Mansur",35,Kfar Mechi,Syria,Cherbourg,"Ottawa, Ontario, Canada",,188MB
"Hansen, Mr. Claus Peter",41,"Racine, Wisconsin",US,Southampton,"Racine, Wisconsin, US",,
"Hansen, Mrs. Jennie Louise (née Howard)",45,"Racine, Wisconsin",US,Southampton,"Racine, Wisconsin, US",11,
"Hansen, Mr. Henrik Juul",26,"Holeby, Storstrøm",Denmark,Southampton,"Racine, Wisconsin, US",,
"Hansen, Mr. Henry Damsgaard",21,Copenhagen,Denmark,Southampton,"Racine, Wisconsin, US",,69MB
"Hargadon, Miss Catherine ""Kate""",17,"Ballysadare, Sligo",Ireland,Queenstown,New York City,,
"Harknett, Miss Alice Phoebe",21,"Thornton Heath, London",England,Southampton,"New London, Connecticut, US",,
"Hart, Mr. Henry John",27,"Ballysadare, Sligo",Ireland,Queenstown,"Boston, Massachusetts, US",,
"Healy, Miss Hanora (Nora)",29,"Athenry, Galway",Ireland,Queenstown,New York City,16,
"Hedman, Mr. Oskar Arvid",27,"St. Paul, Minnesota",US,Southampton,"St. Paul, Minnesota, US",15,
"Hegarty, Miss Hanora ""Nora""",18,"Whitechurch, Cork",Ireland,Queenstown,"Charlestown, US",,
"Heikkinen, Miss Laina",26,Jyväskylä,Finland,Southampton,New York City,14?,
"Heininen, Miss Wendla Maria",23,Turku,Finland,Southampton,New York City,,8MB
"Hellström, Miss Hilda Maria",22,Stora Tuna,Sweden,Southampton,"Evanston, Illinois, US",C,
"Hendeković, Mr. Ignjac",28,Vagovina,Croatia,Southampton,"Harrisburg, Pennsylvania, US",,306MB
"Henriksson, Miss Jenny Lovisa",28,Stockholm,Sweden,Southampton,"Iron Mountain, Michigan, US",,3MB
"Henry, Miss Bridget Delia",23,"Clonown, Roscommon",Ireland,Queenstown,"Boston, Massachusetts, US",,
"Hirvonen, Mrs. Helga Elisabeth (née Lindqvist)",22,Dalsbruk,Finland,Southampton,"Monessen, Pennsylvania, US",15,
"Hirvonen, Miss Hildur Elisabeth",2,Dalsbruk,Finland,Southampton,"Monessen, Pennsylvania, US",15,
"Holm, Mr. Johan Fredrik Alexander",43,"Karlshamn, Blekinge",Sweden,Southampton,New York City,,
"Holten, Mr. Johan Martin",28,Bergen,Norway,Southampton,New York City,,
"Honkanen, Miss Eliina",27,Saarijärvi,Finland,Southampton,New York City,?,
"Horgan, Mr. John",22,Unknown,Ireland,Queenstown,New York City,,
"Howard, Miss May Elizabeth",27,"North Walsham, Norfolk",England,Southampton,"Albion, Michigan, US",C,
"Humblen, Mr. Adolf Mathias Nicolai Olsen",42,"Borgund, Møre og Romsdal",Norway,Southampton,"Milwaukee, Wisconsin, US",,
"Husayn, Master Husayn Mahumud",11,"Fredericksburg, Virginia",US,Cherbourg,"Fredericksburg, Virginia, US",,
"Hyman, Mr. Solomon Abraham",34,Manchester,England,Southampton,"Springfield, Massachusetts, US",C,
"Ilmakangas, Miss Ida Livija",27,"New York City, New York",US,Southampton,New York City,,
"Ilmakangas, Miss Pieta Sofia",25,"Paavola, Northern Ostrobothnia",Finland,Southampton,New York City,,
"Ivanoff, Mr. Kanio",20,"Malka Ribnya, Troyan",Bulgaria,Southampton,"Chicago, Illinois, US",,
"Jabbour, Miss Hileni",16,Unknown,Syria,Cherbourg,New York City,,328MM
"Jabbour, Miss Tamini",19,Unknown,Syria,Cherbourg,New York City,,
"Jalševac, Mr. Ivan",29,Topolovac,Croatia,Cherbourg,"Galesburg, Illinois, US",15,
"Jansson, Mr. Carl Olof",21,Örebro,Sweden,Southampton,"Swedeburg, Nebraska, US",A,
"Jardim, Mr. José Neto",21,"Calheta, Madeira",Portugal,Southampton,New York City,,
"Jensen, Mr. Hans Peder",20,Eskilstrup,Denmark,Southampton,"Portland, Oregon, US",,
"Jensen, Mr. Niels Peder ""Rasmus""",48,"Portland, Oregon",US,Southampton,"Portland, Oregon, US",,
"Jensen, Mr. Svend Lauritz",17,Eskilstrup,Denmark,Southampton,"Portland, Oregon, US",,
"Jermyn, Miss Annie Jane",26,"Ballydehob, Cork",Ireland,Queenstown,"East Lynn, Massachusetts, US",D,
"Jirjis, Mrs. Shaniini (née Whabee Abi-Saab)",22,"Youngstown, Ohio",US,Cherbourg,"Youngstown, Ohio, US",C,
"Johannesen, Mr. Bernt Johannes",29,"Avaldsnes, Stavanger",Norway,Southampton,New York City,13,
"Johanson, Mr. Jakob Alfred",34,Munsala,Finland,Southampton,"Vancouver, British Columbia, Canada",,143MB
"Johansson, Mr. Erik",22,"Frostensmåla, Småland",Sweden,Southampton,"St. Paul, Minnesota, US",,156MB
"Johansson, Mr. Gustaf Joel",33,"Bäckebo, Småland",Sweden,Southampton,"Cheyenne, North Dakota, US",,285MB
"Johansson, Mr. Karl Johan",31,"Duluth, Minnesota",US,Southampton,"Duluth, Minnesota, US",,
"Johansson, Mr. Nils",29,"Chicago, Illinois",US,Southampton,"Chicago, Illinois, US",,
"Johansson Palmquist, Mr. Oskar Leander",26,"Kvarnaryd, Småland",Sweden,Southampton,"New Haven, Connecticut, US",15,
"Johnson, Mr. Alfred",49,Millwood,England,Southampton,New York City,,
"Johnson, Mrs. Elisabeth Vilhelmina (née Berg)",26,"St. Charles, Illinois",US,Southampton,"St. Charles, Illinois, US",15,
"Johnson, Master Harold Theodor",4,"St. Charles, Illinois",US,Southampton,"St. Charles, Illinois, US",15,
"Johnson, Miss Eleanor Ileen",1,"St. Charles, Illinois",US,Southampton,"St. Charles, Illinois, US",15,
"Johnson, Mr. Malkolm Joackim",33,"Minneapolis, Minnesota",US,Southampton,"Minneapolis, Minnesota, US",,37MB
"Johnson, Mr. William Cahoone Jr.",19,"Hawthorne, New Jersey",US,Southampton,New York City,,
"Johnston, Mr. Andrew Emslie",35,"Thornton Heath, London",England,Southampton,"New London, Connecticut, US",,
"Johnston, Mrs. Elizabeth (née Watson) ""Eliza""",34,"Thornton Heath, London",England,Southampton,"New London, Connecticut, US",,
"Johnston, Master William Andrew",8,"Thornton Heath, London",England,Southampton,"New London, Connecticut, US",,
"Johnston, Miss Catherine Nellie",7,"Thornton Heath, London",England,Southampton,"New London, Connecticut, US",,
"Jonkoff, Mr. Lalju",23,"Gumostnik, Lovec",Bulgaria,Southampton,"Chicago, Illinois, US",,
"Jonsson, Mr. Carl",32,"Kalfsnäs, Småland",Sweden,Southampton,"Huntley, Illinois, US",15,
"Jönsson, Mr. Nils Hilding",27,"Tågarp, Skåne",Sweden,Southampton,New York City,,
"Jussila, Mr. Eiriik",32,Elimäki,Finland,Southampton,"Monessen, Pennsylvania, US",15,
"Jussila, Miss Katriina",20,"Paavola, Northern Ostrobothnia",Finland,Southampton,New York City,,
"Jussila, Miss Mari Aina",21,"Paavola, Northern Ostrobothnia",Finland,Southampton,New York City,,
"Kallio, Mr. Nikolai Erlantti",17,Kauhajoki,Finland,Southampton,"Sudbury, Ontario, Canada",,
"Kalvik, Mr. Johannes Halvorsen",21,"Etnesjøen, Hordaland",Norway,Southampton,"Story City, Iowa, US",,
"Karajić, Mr. Milan",30,Vagovina,Croatia,Southampton,"Youngstown, Ohio, US",,
"Karlsson, Mr. Einar Gervasius",21,"Oskarshamn, Kalmar",Sweden,Southampton,"Brooklyn, New York, US",13,
"Karlsson, Mr. Julius Konrad Eugen",33,"Göteborg, Västergötland",Sweden,Southampton,New York City,,
"Karlsson, Mr. Nils August",22,Örebro,Sweden,Southampton,"Palmer, Massachusetts, US",,
"Karun, Mr. Franz",39,Milje,Slovenia,Southampton,"Galesburg, Illinois, US",15,
"Karun, Miss Manca (""Anna"")",4,Milje,Slovenia,Southampton,"Galesburg, Illinois, US",15,
"Katavelos, Mr. Vassilios G.",19,Agios Sostis,Greece,Cherbourg,"Milwaukee, Wisconsin, US",,58MB
"Keane, Mr. Andrew ""Andy""",23,"Athenry, Galway",Ireland,Queenstown,"Auburndale, Florida, US",,
"Keefe, Mr. Arthur",39,"Rahway, New Jersey",US,Southampton,"Rahway, New Jersey, US",A,332O
"Kelly, Mr. James",19,Unknown,Ireland,Southampton,New York City,,70MB
"Kelly, Mr. James",44,"Leixlip, Kildare",Ireland,Queenstown,"New Haven, Connecticut, US",,
"Kelly, Miss Anna Katherine",20,"Cuilmullagh, Mayo",Ireland,Queenstown,"Chicago, Illinois, US",16,
"Kelly, Miss Mary",22,"Castlepollard, Westmeath",Ireland,Queenstown,New York City,D,
"Kennedy, Mr. John Joseph",24,"Watergate, Limerick",Ireland,Queenstown,New York City,15?,
"Khalil-Khoury, Mr. Butrus",25,Hardîne,Lebanon,Cherbourg,"Wilkes Barre, Pennsylvania, US",,
"Khalil-Khoury, Mrs. Zahie ""Maria""",20,Hardîne,Lebanon,Cherbourg,"Wilkes Barre, Pennsylvania, US",,
"Kiernan, Mr. John Joseph",24,"Jersey City, New Jersey",US,Queenstown,"Jersey City, New Jersey, US",,
"Kiernan, Mr. Philip",22,"Aughnacliffe, Longford",Ireland,Queenstown,"Jersey City, New Jersey, US",,
"Kilgannon, Mr. Thomas",22,"Currafarry, Galway",Ireland,Queenstown,New York City,,
"Kink, Mr. Anton",29,Zürich,Switzerland,Southampton,"Milwaukee, Wisconsin",2,
"Kink, Mrs. Luise (née Heilmann)",26,Zürich,Switzerland,Southampton,"Milwaukee, Wisconsin",2,
"Kink, Miss Luise Gretchen",4,Zürich,Switzerland,Southampton,"Milwaukee, Wisconsin",2,
"Kink, Miss Maria",22,Zürich,Switzerland,Southampton,"Milwaukee, Wisconsin, US",,
"Kink, Mr. Vincenz",26,Zürich,Switzerland,Southampton,"Milwaukee, Wisconsin, US",,
"Klasén, Mrs. Hulda Kristina Eugenia (née Lofqvist)",36,"Salmunds, Gotland",Sweden,Southampton,"Los Angeles, US",,
"Klasén, Mr. Klas Albin",18,"Grimshut, Småland",Sweden,Southampton,New York City,,
"Klasén, Miss Gertrud Emilia",1,"Grimshut, Småland",Sweden,Southampton,New York City,,
"Kraeff, Mr. Theodor",–,Vetren,Bulgaria,Cherbourg,"Madison, Wisconsin, US",,
"Krekorian, Mr. Neshan",25,Kiğı,Turkey,Cherbourg,"Brantford, Ontario, Canada",10,
"Kutscher, Mr. Simon",26,Edinburgh,Scotland,Southampton,New York City,,
"Lahoud Ishaq Mowad, Mr. Sarkis",30,Zgharta,Lebanon,Cherbourg,"Waterbury, Connecticut, US",,
"Laitinen, Miss Kristiina Sofia",37,Helsinki,Finland,Southampton,New York City,,
"Laleff, Mr. Kristo",23,"Knezhni Lak, Troyan",Bulgaria,Southampton,"Chicago, Illinois, US",,
"Lam, Mr. Ali",37,Hong Kong,China,Southampton,New York City,C,
"Lam, Mr. Len",23,Hong Kong,China,Southampton,New York City,,
"Landergren, Miss Aurora Adelia",22,"Karlshamn, Blekinge",Sweden,Southampton,New York City,13,
"Lane, Mr. Patrick",16,"Limerick, Limerick",Ireland,Queenstown,New York City,,
"Lang, Mr. Fang",26,Hong Kong,China,Southampton,New York City,14,
"Larsson, Mr. August Viktor",29,"Stamford, Connecticut",US,Southampton,"Stamford, Connecticut, US",,
"Larsson, Mr. Bengt Edvin",29,"Nyköping, Södermanland",Sweden,Southampton,"Hartford, Connecticut, US",,
"Larsson-Rondberg, Mr. Edvard A.",22,"Lysvik, Värmland",Sweden,Southampton,"Missoula, Montana, US",,
"Lee, Mr. Bing",32,Hong Kong,China,Southampton,New York City,C,
"Lee, Mr. Ling",28,Hong Kong,China,Southampton,New York City,,
"Lefebvre, Mrs. Frances Marie-Anselme (née Daumont)",40,"Liévin, Pas-de-Calais",France,Southampton,"Mystic, Iowa, US",,
"Lefebvre, Miss Mathilde Franck-Marie-Joseph",12,"Liévin, Pas-de-Calais",France,Southampton,"Mystic, Iowa, US",,
"Lefebvre, Miss Jeannie Franck-Marie-Joseph",8,"Liévin, Pas-de-Calais",France,Southampton,"Mystic, Iowa, US",,
"Lefebvre, Master Henri Franck-Marie-Joseph",5,"Liévin, Pas-de-Calais",France,Southampton,"Mystic, Iowa, US",,
"Lefebvre, Miss Ida Franck-Marie-Joseph",3,"Liévin, Pas-de-Calais",France,Southampton,"Mystic, Iowa, US",,
"Leinonen, Mr. Antti Gustaf",32,Välitaipale,Finland,Southampton,New York City,,
"Lennon, Mr. Denis",20,"Ballymahon, Longford",Ireland,Queenstown,New York City,,
"Lennon, Miss Mary",18,"Ballymahon, Longford",Ireland,Queenstown,New York City,,
"Leonard, Mr. Lionel",36,"New York City, New York",US,Southampton,New York City,,
"Lester, Mr. James",39,"West Bromwich, Staffordshire",England,Southampton,"Pontiac, Michigan, US",,
"Lievens, Mr. René Gustave Aimé",24,Haaltert,Belgium,Southampton,"Detroit, Michigan, US",,
"Lindahl, Miss Agda Thorilda Viktoria",25,Stockholm,Sweden,Southampton,"Saranac Lake, New York, US",,
"Lindblom, Miss Augusta Charlotta",45,Stockholm,Sweden,Southampton,"Stratford, Connecticut, US",,
"Lindell, Mr. Edvard Bengtsson",36,"Helsingborg, Skåne",Sweden,Southampton,"Hartford, Connecticut, US",A,
"Lindell, Mrs. Elin Gerda (née Persson)",30,"Helsingborg, Skåne",Sweden,Southampton,"Hartford, Connecticut, US",A,
"Lindqvist, Mr. Eino William",20,Dalsbruk,Finland,Southampton,"Monessen, Pennsylvania, US",15,
"Linehan, Mr. Michael",21,"Boherbue, Cork",Ireland,Queenstown,New York City,,
"Ling, Mr. Lee",24,Hong Kong,China,Southampton,New York City,,
"Linhart, Mr. Wenzel H.",27,Vienna,Austria,Southampton,New York City,,298MB
"Livshin, Mr. David (""Abraham Harmer"")",25,Manchester,England,Southampton,"Montreal, Quebec, Canada",,
"Lobb, Mr. William Arthur",30,"Scranton, Pennsylvania",US,Southampton,"Scranton, Pennsylvania, US",,
"Lobb, Mrs. Cordelia K. (née Stanlick)",26,"Scranton, Pennsylvania",US,Southampton,"Scranton, Pennsylvania, US",,55MB
"Lockyer, Mr. Edward Thomas",21,"Sandhurst, Kent",England,Southampton,"Ontario, New York, US",,153MB
"Lovell, Mr. John Hall (""Henry"")",20,"Northlew, Devon",England,Southampton,New York City,,
"Lulić, Mr. Nikola",29,Konjsko Brdo,Croatia,Southampton,"Chicago, Illinois, US",15,
"Lundahl, Mr. Johan Svensson",51,"Fyrnan, Småland",Sweden,Southampton,"Spokane, Washington, US",,
"Lundström, Mr. Thure Edvin",32,"Simrishamn, Skåne",Sweden,Southampton,"Los Angeles, US",15,
"Lymperopoulus, Mr. Panagiotis K.",30,Áyios Sóstis,Greece,Cherbourg,"Stamford, Connecticut US",,196MB
"Lyntakoff, Mr. Stanko",44,Unknown,Bulgaria,Southampton,"Coon Rapids, Iowa, US",,
"Mackay, Mr. George William",20,London,England,Southampton,"Rochester, New York, US",,
"Madigan, Miss Margaret ""Maggie""",21,"Askeaton, Limerick",Ireland,Queenstown,New York City,15,
"Madsen, Mr. Fridtjof Arne",24,Trondheim,Norway,Southampton,"Brooklyn, New York, US",13,
"Mäenpää, Mr. Matti Alexanteri",22,Kauhajoki,Finland,Southampton,"Sudbury, Ontario, Canada",,
"Mahon, Miss Bridget Delia",20,"Derrymartin, Mayo",Ireland,Queenstown,New York City,,
"Maisner, Mr. Simon",34,London,England,Southampton,New York City,,
"Mäkinen, Mr. Kalle Edvard",29,"Ikaalinen, Pirkanmaa",Finland,Southampton,"Glassport, Pennsylvania, US",,
"Mamee, Mr. Hanna",20,Tripoli,Lebanon,Cherbourg,"Philadelphia, Pennsylvania, US",15,
"Mangan, Miss Mary",32,"Carrowkehine, Mayo",Ireland,Queenstown,"Chicago, Illinois, US",,61MB
"Mannion, Miss Margaret",28,"Caltra, Galway",Ireland,Queenstown,New York City,16,
"Mardirosian, Mr. Sarkis",25,Kiğı,Turkey,Cherbourg,"Brantford, Ontario, Canada",,
"Marinko, Mr. Dmitri",23,Unknown,Macedonia,Southampton,New York City,,
"Markoff, Mr. Marin",35,"Gumostnik, Lovec",Bulgaria,Southampton,"Chicago, Illinois, US",,
"Markun, Mr. Johann",33,Milje,Slovenia,Cherbourg,New York City,,
"Matinoff, Mr. Nicola",30,Gabrovo,Bulgaria,Cherbourg,"Madison, Wisconsin, US",,
"McCarthy, Miss Catherine ""Katie""",24,Tipperary,Ireland,Queenstown,"Bayonne, New Jersey, US",?,
"McCormack, Mr. Thomas Joseph",19,"Bayonne, New Jersey",US,Queenstown,"Guttenberg, New Jersey, US",15,
"McCoy, Miss Catherine Agnes",29,"Carrickatane, Tyrone",Ireland,Queenstown,"Brooklyn, New York, US",16,
"McCoy, Miss Alice",26,"Carrickatane, Tyrone",Ireland,Queenstown,"Brooklyn, New York, US",16,
"McCoy, Mr. Bernard",24,"Carrickatane, Tyrone",Ireland,Queenstown,"Brooklyn, New York, US",16,
"McDermott, Miss Bridget Delia",31,"Lahardane, Mayo",Ireland,Queenstown,"Chicago, Illinois, US",13,
"McEvoy, Mr. Michael",19,Dublin,Ireland,Queenstown,New York City,,
"McGovern, Miss Mary",22,"Corlough, Cavan",Ireland,Queenstown,New York City,13,
"McGowan, Miss Anna F. ""Annie""",14,"Massbrook, Mayo",Ireland,Queenstown,"Chicago, Illinois, US",13,
"McGowan, Miss Catherine",42,"Terry, Mayo",Ireland,Queenstown,"Chicago, Illinois, US",,
"McMahon, Mr. Martin",20,"Craghbrien, Clare",Ireland,Queenstown,New York City,,
"McNamee, Mr. Neal",27,"Convoy, Donegal, Ireland",England,Southampton,"Philadelphia, Pennsylvania, US",,
"McNamee, Mrs. Eileen (née O'Leary)",19,"Salisbury, Wiltshire",England,Southampton,"Philadelphia, Pennsylvania, US",,53MB
"McNeill, Miss Bridget",27,"Trien, Roscommon",Ireland,Queenstown,New York City,,
"Meanwell, Mrs. Mary Ann",63,"Eastbourne, East Sussex",England,Southampton,New York City,,
"Meehan, Mr. John",22,"Currowhunane, Sligo",Ireland,Queenstown,"Patterson, New Jersey, US",,
"Meek, Mrs. Anna ""Annie"" Louise Rowley",31,"Penarth, Glamorgan",Wales,Southampton,New York City,,
"Miesnere, Mr. Simon",34,"London, England",England,Southampton,New York City,,
"Meo-Martino, Mr. Alfonzo",48,"Bournemouth, Dorset",England,Southampton,"Washington, DC, US",,201MB
"Mernagh, Mr. John Robert",26,"Ballywilliam, Wexford",Ireland,Queenstown,"Chicago, Illinois, US",,
"Midtsjø, Mr. Karl Albert",21,"Kråkstad, Ski",Norway,Southampton,"Chicago, Illinois, US",15,
"Mihoff, Mr. Stoytcho",28,"Gumostnik, Lovec",Bulgaria,Southampton,"Chicago, Illinois, US",,
"Miles, Mr. Frank",23,"Greenwich, London",England,Southampton,New York City,,
"Mineff, Mr. Ivan",24,Unknown,Bulgaria,Southampton,"Coon Rapids, Iowa, US",,
"Minkoff, Mr. Lazar",21,"Gumostnik, Lovec",Bulgaria,Southampton,"Chicago, Illinois, US",,
"Mitkoff, Mr. Mito",23,Unknown,Bulgaria,Southampton,"Chicago, Illinois, US",,
"Mockler, Miss Ellen Mary",23,"Currafarry, Galway",Ireland,Queenstown,New York City,16,
"Moen, Mr. Sigurd Hansen",25,Bergen,Norway,Southampton,"Minneapolis, Minnesota, US",,309M
"Moor, Mrs. Beila",29,Unknown,Russia,Southampton,"Chicago, Illinois, US",14,
"Moor, Master Meier",7,Unknown,Russia,Southampton,"Chicago, Illinois, US",14,
"Moore, Mr. Leonard Charles",19,"Kingston upon Thames, London",England,Southampton,"Hoboken, New Jersey, US",,
"Moran, Miss Bertha Bridget",28,"Askeaton, Limerick",Ireland,Queenstown,"Brooklyn, New York, US",16,
"Moran, Mr. Daniel James",27,"Askeaton, Limerick",Ireland,Queenstown,"Brooklyn, New York, US",,
"Morley, Mr. William",34,"Petworth, West Sussex",England,Southampton,New York City,,
"Morrow, Mr. Thomas Rowan",30,"Rathfriland, Down",Ireland,Queenstown,"Gleichen, Alberta, Canada",,
"Moss, Mr. Albert Johan",29,Bergen,Norway,Southampton,New York City,B,
"Moussa, Mrs. Mantoura",35,Hardîne,Lebanon,Cherbourg,"Wilkes-Barre, Pennsylvania, US",?,
"Moutal, Mr. Rahamin Haim",28,London,England,Southampton,New York City,,
"Mubarik, Mrs. Amanah Fa'ud (née Iskandar)",24,Hardîne,Lebanon,Cherbourg,"Houtzdale, Pennsylvania, US",C,
"Mubarik, Master Gerios",7,Hardîne,Lebanon,Cherbourg,"Houtzdale, Pennsylvania, US",C,
"Mubarik, Master Halim Gonios",4,Hardîne,Lebanon,Cherbourg,"Houtzdale, Pennsylvania, US",C,
"Mullen, Miss Katherine ""Katie""",19,"Esker, Longford",Ireland,Queenstown,New York City,16,
"Mulvihill, Miss Bridget Elizabeth ""Bertha""",25,"Athlone, Westmeath",Ireland,Queenstown,"Providence, Rhode Island, US",15,
"Murdlin, Mr. Joseph",22,London,England,Southampton,New York City,,
"Murphy, Miss Catherine ""Kate""",18,"Aghnacliffe, Longford",Ireland,Queenstown,"Philadelphia, Pennsylvania, US",16,
"Murphy, Miss Margaret Jane ""Maggie/Mary""",25,"Fostragh, Longford",Ireland,Queenstown,"Philadelphia, Pennsylvania, US",16,
"Murphy, Miss Nora",34,Dublin,Ireland,Queenstown,New York City,16,
"Muslamani, Mrs. Fatimah",22,Tebnine,Lebanon,Cherbourg,"Michigan City, Indiana, US",C,
"Myhrman, Mr. Pehr Fabian Oliver Malkolm",18,"Kristinehamn, Värmland",Sweden,Southampton,"Chicago, Illinois, US",,
"Nackid, Mr. Sahid",20,Zgharta,Lebanon,Cherbourg,"Waterbury, Connecticut, US",C,
"Nackid, Miss Waika ""Mary"" (née Mowad)",19,Zgharta,Lebanon,Cherbourg,"Waterbury, Connecticut, US",C,
"Nackid, Miss Maria",1,Zgharta,Lebanon,Cherbourg,"Waterbury, Connecticut, US",C,
"Naidenoff, Mr. Penko",22,"Gumostnik, Lovech",Bulgaria,Southampton,"Chicago, Illinois, US",,
"Nakli-Khoury, Mr. Toufik",17,Hardîne,Lebanon,Cherbourg,New York City,,
"Nancarrow, Mr. William Henry",33,"St Austell, Cornwall",England,Southampton,"Yonkers, New York, US",,
"Nankoff, Mr. Minko",32,Unknown,Bulgaria,Southampton,"Chicago, Illinois, US",,
"Nasr Alma, Mr. Mustafa",20,Tebnine,Lebanon,Cherbourg,New York City,,
"Nassr Rizq, Mr. Saade",20,Sir'Al,Lebanon,Cherbourg,New York City,,
"Naughton, Miss Hannah",21,Donoughmore,Ireland,Queenstown,New York City,,
"Nenkoff, Mr. Christo",22,Unknown,Bulgaria,Southampton,"Coon Rapids, Iowa, US",,
"Nieminen, Miss Manta Josefiina",29,Karinainen,Finland,Southampton,"Aberdeen, Washington, US",,
"Niklasson, Mr. Samuel",28,"Västra Bogane, Orust Island",Sweden,Southampton,New York City,,
"Nilsson, Mr. August Ferdinand",21,"Hörby, Skåne",Sweden,Southampton,"St. Paul, Minnesota, US",,
"Nilsson, Miss Berta Olivia",18,"Lysvik, Värmland",Sweden,Southampton,"Missoula, Montana, US",D,
"Nilsson, Miss Helmina Josefina",26,"Ramkvilla, Småland",Sweden,Southampton,"Joliet, Illinois, US",13,
"Niqula-Yarid, Miss Jamilah",14,El-Hakour,Lebanon,Cherbourg,"Jacksonville, Florida, US",C,
"Niqula-Yarid, Master Ilyas",12,El-Hakour,Lebanon,Cherbourg,"Jacksonville, Florida, US",C,
"Nirva, Mr. Iisakki Antino Äijö",41,Kauhajoki,Finland,Southampton,"Sudbury, Ontario, Canada",,
"Niskanen, Mr. Juha",39,Kivijärvi,Finland,Southampton,"Boston, Massachusetts, US",9,
"Nofal, Mr. Mansur",20,Kafr Mishki,Lebanon,Cherbourg,"Ottawa, Ontario, Canada",,181MB
"Nosworthy, Mr. Richard Cater",21,"Newton Abbot, Devon",England,Southampton,"Buffalo, New York, US",,
"Nysten, Miss Anna Sofia",22,"Kisa, Östergötland",Sweden,Southampton,"Hackensack, New Jersey, US",13,
"Nysveen, Mr. Johan Hansen",61,Øyer,Norway,Southampton,"Grand Forks, North Dakota, US",,
"O'Brien, Mr. Thomas",27,"Pallasgreen, Limerick",Ireland,Queenstown,"Chicago, Illinois, US",,
"O'Brien, Mrs. Johanna ""Hannah"" (née Godfrey)",26,"Pallasgreen,  Limerick",Ireland,Queenstown,"Chicago, Illinois, US",?,
"O'Brien, Mr. Timothy",21,"Drimoleague, Cork",Ireland,Queenstown,New York City,,
"O'Connell, Mr. Patrick Denis",17,"Kingwilliamstown, Cork",Ireland,Queenstown,New York City,,
"O'Connor, Mr. Maurice",16,"Boherbue, Cork",Ireland,Queenstown,New York City,,
"O'Connor, Mr. Patrick",23,"Kingwilliamstown, Cork",Ireland,Queenstown,New York City,,
"O'Driscoll, Miss Bridget",24,"Ballydehob, Cork",Ireland,Queenstown,"Jersey City, New Jersey, US",D,
"O'Dwyer, Miss Ellen ""Nellie""",25,"Limerick, Limerick",Ireland,Queenstown,New York City,?,
"O'Keefe, Mr. Patrick",22,"Waterford, Waterford",Ireland,Queenstown,New York City,B,
"O'Leary, Miss Hanora ""Nora""",16,"Kingwilliamstown, Cork",Ireland,Queenstown,New York City,13,
"O'Sullivan, Miss Bridget Mary",21,"Glenduff, Kerry",Ireland,Queenstown,New York City,,
"Ödahl, Mr. Nils Martin",23,"Örsjö, Kalmar",Sweden,Southampton,"Peoria, Illinois, US",,
"Öhman, Miss Velin",22,"Mariestad, Västergötland",Sweden,Southampton,"Chicago, Illinois, US",C,
"Olsen, Mr. Henry Margido",28,Bergen,Norway,Southampton,New York City,,173MB
"Olsen, Mr. Karl Siegwart Andreas",42,Trondheim,Norway,Southampton,"Brooklyn, New York, US",,
"Olsen, Master Arthur Carl",9,Trondheim,Norway,Southampton,"Brooklyn, New York, US",13,
"Olsen, Mr. Ole Martin",27,Sunnhordland,Norway,Southampton,"Broderick, Canada",,
"Olsson, Miss Elina",31,Södra Brantevik,Sweden,Southampton,"St. Paul, Minnesota, US",,
"Olsson, Mr. Nils Johan Göransson",28,"Eslöv, Skåne",Sweden,Southampton,New York City,,
"Olsson, Mr. Oskar Wilhelm",32,"Lunna, Orust Island",Sweden,Southampton,"Manitowoc, Wisconsin, US",A,
"Olsvingen, Mr. Thor Andersen",20,Vikersund,Norway,Southampton,"Carneron, US",,89MB
"Orešković, Miss Jelka",23,Konjsko Brdo,Croatia,Southampton,"Chicago, Illinois, US",,
"Orešković, Mr. Luka",20,Konjsko Brdo,Croatia,Southampton,"Chicago, Illinois, US",,
"Orešković, Miss Marija",20,Konjsko Brdo,Croatia,Southampton,"Chicago, Illinois, US",,
"Osén, Mr. Olaf Elon",16,"Hedesunda, Gävleborg",Sweden,Southampton,"Mitchell, South Dakota, US",,
"Pålsson, Mrs. Alma Cornelia (née Berglund)",29,"Bjuv, Skåne",Sweden,Southampton,"Chicago, Illinois, US",,206MB
"Pålsson, Miss Torborg Danira",8,"Bjuv, Skåne",Sweden,Southampton,"Chicago, Illinois, US",,
"Pålsson, Master Paul Folke",6,"Bjuv, Skåne",Sweden,Southampton,"Chicago, Illinois, US",,
"Pålsson, Miss Stina Viola",3,"Bjuv, Skåne",Sweden,Southampton,"Chicago, Illinois, US",,
"Pålsson, Master Gösta Leonard",2,"Bjuv, Skåne",Sweden,Southampton,"Chicago, Illinois, US",,
"Panula, Mrs. Maija Emelia Abrahamintytar (née Ketola-Ojala)",41,"Ylihärmä, South Ostrobothnia",Finland,Southampton,"Coal Center, Pennsylvania, US",,
"Panula, Mr. Ernesti Arvid",16,"Ylihärmä, South Ostrobothnia",Finland,Southampton,"Coal Center, Pennsylvania, US",,
"Panula, Mr. Jaakko Arnold",15,"Ylihärmä, South Ostrobothnia",Finland,Southampton,"Coal Center, Pennsylvania, US",,
"Panula, Master Juha Niilo",7,"Ylihärmä, South Ostrobothnia",Finland,Southampton,"Coal Center, Pennsylvania, US",,
"Panula, Master Urho Abraham",2,"Ylihärmä, South Ostrobothnia",Finland,Southampton,"Coal Center, Pennsylvania, US",,
"Panula, Master Eino Viljami",1,"Ylihärmä, South Ostrobothnia",Finland,Southampton,"Coal Center, Pennsylvania, US",,
"Pašič, Mr. Jakov",21,Streklevac,Slovenia,Southampton,"Aurora, Illinois, US",,
"Patchett, Mr. George",19,"Wollaston, Northamptonshire",England,Southampton,"Kitchener, Ontario, Canada",,
"Pavlović, Mr. Štefo",32,Vagovina,Croatia,Southampton,"Harrisburg, Pennsylvania, US",,
"Peacock, Mrs. Edith (née Nile)",26,"Southampton, Hampshire",England,Southampton,"Elizabeth, New Jersey, US",,
"Peacock, Miss Treasteall",4,"Southampton, Hampshire",England,Southampton,"Elizabeth, New Jersey, US",,
"Peacock, Master Albert Edward",7 mo.,"Southampton, Hampshire",England,Southampton,"Elizabeth, New Jersey, US",,
"Pearce, Mr. Ernest",32,London,England,Southampton,New York City,,
"Pedersen, Mr. Olaf",28,Sandefjord,Norway,Southampton,"Seattle, Washington, US",,
"Peduzzi, Mr. Giuseppe",24,London,England,Southampton,New York City,,
"Pekoniemi, Mr. Edvard Johannes",21,Heinola,Finland,Southampton,New York City,,
"Peltomäki, Mr. Nikolai Johannes",25,Helsinki,Finland,Southampton,New York City,,
"Perkin, Mr. John Henry",22,"Holsworthy, Devon",England,Southampton,"Saskatoon, Saskatchewan, Canada",,
"Persson, Mr. Ernst Ulrik",25,"Stockholm, Uppland",Sweden,Southampton,"Indianapolis, Indiana, US",15,
"Peters, Miss Catherine ""Katie""",26,"Cahir, Tipperary",Ireland,Queenstown,New York City,,
"Petranec, Miss Matilda",28,Vagovina,Croatia,Southampton,"Harrisburg, Pennsylvania, US",,
"Petroff, Mr. Nadjalko",19,"Gumostnik, Lovec",Bulgaria,Southampton,"Chicago, Illinois, US",,
"Petroff, Mr. Pastcho",29,"Belish, Troyan",Bulgaria,Southampton,"Chicago, Illinois, US",,
"Pettersson, Miss Ellen Natalia",18,"Stockholm, Uppland",Sweden,Southampton,"Iron Mountain, Michigan, US",,
"Pettersson, Mr. Johan Emil",25,"Västermo, Södermanland",Sweden,Southampton,"Chicago, Illinois, US",,
"Pickard, Mr. Berk (Trembisky)",32,Warsaw,Poland,Southampton,"San Francisco, US",9,
"Plotcharsky, Mr. Vasil",27,Unknown,Bulgaria,Southampton,"Tulsa, Oklahoma, US",,
"Pocrnić, Mr. Mate",17,Bukovac,Croatia,Southampton,"Chicago, Illinois, US",,
"Pocrnić, Mr. Tome",24,Bukovac,Croatia,Southampton,"Chicago, Illinois, US",,
"Pullner, Mr. Uscher",16,Unknown,Unknown,Cherbourg,New York City,,
"Radeff, Mr. Alexander",27,Unknown,Bulgaria,Southampton,"Chicago, Illinois, US",,
"Rasmussen, Mrs. Lena Jakobsen (née Solvang)",62,"Haugesund, Hordaland",Norway,Southampton,"Centerville, South Dakota, US",,
"Razi, Mr. Raihed",30,Tebnine,Lebanon,Southampton,New York City,,
"Reed, Mr. James George",19,"Penarth, Glamorgan",Wales,Southampton,New York City,,
"Rekić, Mr. Tido",38,Bosanska Krupa,Bosnia,Southampton,"Harrisburg, Pennsylvania, US",,
"Reynolds, Mr. Harold J.",21,London,England,Southampton,"Toronto, Ontario, Canada",,327MM
"Rice, Mrs. Margaret (née Norton)",39,"Athlone, Westmeath",Ireland,Queenstown,"Spokane, Washington, US",,12MB
"Rice, Master Albert",10,"Athlone, Westmeath",Ireland,Queenstown,"Spokane, Washington, US",,
"Rice, Master George Hugh",8,"Athlone, Westmeath",Ireland,Queenstown,"Spokane, Washington, US",,
"Rice, Master Frederick Thomas ""Eric""",7,"Athlone, Westmeath",Ireland,Queenstown,"Spokane, Washington, US",,
"Rice, Master Arthur",4,"Athlone, Westmeath",Ireland,Queenstown,"Spokane, Washington, US",,
"Rice, Master Eugene Francis",2,"Athlone, Westmeath",Ireland,Queenstown,"Spokane, Washington, US",,
"Riihivuori, Miss Susanna Juhantytär ""Sanni""",22,"Ylihärmä, South Ostrobothnia",Finland,Southampton,"Coal Center, Pennsylvania, US",,
"Rintamäki, Mr. Matti",35,Kyyny,Finland,Southampton,"Sudbury, Ontario, Canada",,
"Riordan, Miss Hannah",18,"Glenlougha, Cork",Ireland,Queenstown,New York City,13,
"Risien, Mr. Samuel Beard",69,"Deal, Kent",England,Southampton,"Groesbeck, Texas, US",,
"Risien, Mrs. Emma Jane (née Lellyet)",58,Durban,South Africa,Southampton,"Groesbeck, Texas, US",,
"Robins, Mr. Alexander A.",50,"St Austell, Cornwall",England,Southampton,"Yonkers, New York, US",,119MB
"Robins, Mrs. Grace Charity (née Laury)",47,"St Austell, Cornwall",England,Southampton,"Yonkers, New York, US",,7MB
"Rogers, Mr. William John",29,"Pontardawe, West Glamorgan",Wales,Southampton,New York City,,
"Rommetvedt, Mr. Knud Paust",49,Hogstad,Norway,Southampton,New York City,,
"Rosblom, Mrs. Helena Wilhelmina",41,Rauma,Finland,Southampton,"Astoria, Oregon, US",,
"Rosblom, Mr. Viktor Rickard",18,Rauma,Finland,Southampton,"Astoria, Oregon, US",,
"Rosblom, Miss Salli Helena",2,Rauma,Finland,Southampton,"Astoria, Oregon, US",,
"Roth, Miss Sarah A.",26,London,England,Southampton,New York City,C,
"Rouse, Mr. Richard Henry",50,"Sittingbourne, Kent",England,Southampton,"Cleveland, Ohio, US",,
"Rush, Mr. Alfred George John",16,"Strood, Kent",England,Southampton,"Detroit, Michigan, US",,
"Ryan, Mr. Edward",24,"Ballinascreen, Tipperary",Ireland,Queenstown,"Troy, New York, US",14,
"Ryan, Mr. Patrick",29,"Askeaton, Limerick",Ireland,Queenstown,"Bronx, New York, US",,
"Sæther, Mr. Simon Sivertsen",43,"Skaun, Sør-Trøndelag",Norway,Southampton,US,,32MB
"Saad, Mr. Amin",30,Tebnine,Lebanon,Cherbourg,New York City,,
"Saad, Mr. Khalil",25,Kfar Mechi,Syria,Cherbourg,"Ottawa, Ontario, Canada",,
"Sadlier, Mr. Matthew",20,"Mohill, Leitrim",Ireland,Queenstown,"Lakewood Township, New Jersey, US",,
"Sadowitz, Mr. Harry",17,London,England,Southampton,"Providence, Rhode Island, US",,
"Sage, Mr. John George",44,"Peterborough, Cambridgeshire",England,Southampton,"Jacksonville, Florida, US",,
"Sage, Mrs. Annie Elizabeth (née Cazaly)",44,"Peterborough, Cambridgeshire",England,Southampton,"Jacksonville, Florida, US",,
"Sage, Miss Stella Anne",20,"Peterborough, Cambridgeshire",England,Southampton,"Jacksonville, Florida, US",,
"Sage, Mr. George John",19,"Peterborough, Cambridgeshire",England,Southampton,"Jacksonville, Florida, US",,
"Sage, Mr. Douglas Bullen",18,"Peterborough, Cambridgeshire",England,Southampton,"Jacksonville, Florida, US",,
"Sage, Mr. Frederick",16,"Peterborough, Cambridgeshire",England,Southampton,"Jacksonville, Florida, US",,
"Sage, Miss Dorothy Florence ""Dolly""",14,"Peterborough, Cambridgeshire",England,Southampton,"Jacksonville, Florida, US",,
"Sage, Master Anthony William ""Will""",13,"Peterborough, Cambridgeshire",England,Southampton,"Jacksonville, Florida, US",,67MB
"Sage, Miss Elizabeth Ada",10,"Peterborough, Cambridgeshire",England,Southampton,"Jacksonville, Florida, US",,
"Sage, Miss Constance Gladys",7,"Peterborough, Cambridgeshire",England,Southampton,"Jacksonville, Florida, US",,
"Sage, Master Thomas Henry",4,"Peterborough, Cambridgeshire",England,Southampton,"Jacksonville, Florida, US",,
"Salander, Mr. Karl Johan",24,"Genevad, Halland",Sweden,Southampton,"Red Wing, Minnesota, US",,
"Salkjelsvik, Miss Anna Kristine",21,"Ålesund, Møre og Romsdal",Norway,Southampton,"Proctor, Minnesota, US",C,
"Salonen, Mr. Johan Verner",39,"Aberdeen, Washington",US,Southampton,"Aberdeen, Washington, US",,
"Sa'maan, Master Butrus",10,Hardîne,Lebanon,Cherbourg,"Wilkes Barre, Pennsylvania, US",,
"Sa'maan, Mr. Hanna Ilyas",40,Hardîne,Lebanon,Cherbourg,"Wilkes Barre, Pennsylvania, US",,
"Sa'maan, Mr. Ilyas",17,Hardîne,Lebanon,Cherbourg,"Wilkes Barre, Pennsylvania, US",,
"Sa'maan, Mr. Youssef Omar ""Joseph""",16,Hardîne,Lebanon,Cherbourg,"Wilkes Barre, Pennsylvania, US",,
"Sandström, Mrs. Agnes Charlotta (née Bengtsson)",24,"Motala, Östergötland",Sweden,Southampton,"San Francisco, US",13,
"Sandström, Miss Marguerite Rut",4,"Motala, Östergötland",Sweden,Southampton,"San Francisco, US",13,
"Sandström, Miss Beatrice Irene",1,"Motala, Östergötland",Sweden,Southampton,"San Francisco, US",13,
"Sap, Mr. Julius (Jules)",21,Zwevezele,Belgium,Southampton,"Detroit, Michigan, US",11,
"Saundercock, Mr. William Henry",19,"St Austell, Cornwall",England,Southampton,New York City,,
"Sawyer, Mr. Frederick Charles",33,"Basingstoke, Hampshire",England,Southampton,"Halley, Michigan, US",,284MB
"Scanlan, Mr. James",22,"Rathkeale, Limerick",Ireland,Queenstown,New York City,,
"Scheerlinck, Mr. Jean Baptiste",29,"Haaltert, East Flanders",Belgium,Southampton,"Detroit, Michigan, US",11,
"Sdycoff, Mr. Theodor",42,Unknown,Bulgaria,Southampton,"Chicago, Illinois, US",,
"Shaughnessy, Mr. Patrick",24,"Tynagh, Galway",Ireland,Queenstown,New York City,,
"Shawah, Mr. Yousseff Ibrahim",33,Beirut,Lebanon,Cherbourg,New York City,,
"Shadid, Mr. Dahir Abu",19,Ibrin[88],Syria or Lebanon,Cherbourg,"Kulpmont, Pennsylvania, US",,9MB
"Shellard, Mr. Frederick William Blainey",55,"Bristol, Avon",England,Southampton,"Troy, New York, US",,
"Shihab, Mr. Amir Faris",25,Hadath,Lebanon,Cherbourg,New York City,,
"Shine, Miss Ellen Natalia",20,"Cork, Cork",Ireland,Queenstown,New York City,?,
"Shorney, Mr. Charles Joseph",22,"Heron's Ghyll, East Sussex",England,Southampton,"New York, US",,240{?}MB
"Simmons, Mr. John",39,"Leigh, Kent",England,Southampton,New York City,,
"Sirkanian, Mr. Arsun",22,Kiğı,Turkey,Cherbourg,"Brantford, Ontario, Canada",,
"Sirota, Mr. Maurice",20,London,England,Southampton,New York City,,
"Sivić, Mr. Husein",40,Bosanska Krupa,Bosnia,Southampton,"Harrisburg, Pennsylvania, US",,
"Sivola, Mr. Antti Vilhelmi",21,"Mountain Home, Idaho",US,Southampton,"Mountain Home, Idaho, US",,
"Sjöblom, Miss Anna Sofiia",18,Munsala,Finland,Southampton,"Olympia, Washington, US",16,
"Skoog, Mr. Wilhelm Johansson",40,"Hällekis, Västergötland",Sweden,Southampton,"Iron Mountain, Michigan, US",,
"Skoog, Mrs. Anna Bernhardina (née Karlsson)",43,"Hällekis, Västergötland",Sweden,Southampton,"Iron Mountain, Michigan, US",,
"Skoog, Master Karl Thorsten",11,"Hällekis, Västergötland",Sweden,Southampton,"Iron Mountain, Michigan, US",,
"Skoog, Miss Mabel",9,"Hällekis, Västergötland",Sweden,Southampton,"Iron Mountain, Michigan, US",,
"Skoog, Master Harald",5,"Hällekis, Västergötland",Sweden,Southampton,"Iron Mountain, Michigan, US",,
"Skoog, Miss Margit Elizabeth",2,"Hällekis, Västergötland",Sweden,Southampton,"Iron Mountain, Michigan, US",,
"Slabenoff, Mr. Peko",42,Unknown,Bulgaria,Southampton,New York City,,
"Slocovski, Mr. Selman Francis",20,London,England,Southampton,New York City,,
"Smiljanić, Mr. Jakob Mile",37,Pisac,Croatia,Southampton,New York City,,
"Smyth, Mr. Thomas",26,"Caltra, Galway",Ireland,Queenstown,"Hammond, Indiana, US",,
"Smyth, Miss Julia",17,"Kilcogy, Cavan",Ireland,Queenstown,New York City,13,
"Søholt, Mr. Peter Andreas Lauritz Andersen",19,"Ålesund, Møre og Romsdal",Norway,Southampton,"Minneapolis, Minnesota, US",,
"Somerton, Mr. Francis William",30,"Greatfield, Cheltenham",England,Southampton,"Canastota, New York, US",,
"Spector, Mr. Woolf",23,London,England,Southampton,New York City,,
"Spinner, Mr. Henry John",32,"Arboretum, Worcestershire",England,Southampton,"Gloversville, New York, US",,
"Staneff, Mr. Ivan",23,"Debnevo, Troyan",Bulgaria,Southampton,"Chicago, Illinois, US",,
"Stanković, Mr. Ivan",33,Galdovo,Croatia,Cherbourg,New York City,,
"Stanley, Miss Amy Zillah Elsie",24,"Wallingford, Oxfordshire",England,Southampton,"New Haven, Connecticut, US",C,
"Stanley, Mr. Edward Rowland",21,Swanage,England,Southampton,"Cleveland, Ohio, US",,
"Storey, Mr. Thomas",51,"Liverpool, Merseyside",England,Southampton,New York City,,261MB
"Stoytcheff, Mr. Ilia",19,"Gumostnik, Lovec",Bulgaria,Southampton,"Chicago, Illinois, US",,
"Strandberg, Miss Ida Sofia",22,Turku,Finland,Southampton,New York City,,
"Strandén, Mr. Juho Niilonpoika",31,"Muljula, Kitee",Finland,Southampton,"Duluth, Minnesota, US",9,
"Strilić, Mr. Ivan",27,Široka Kula,Croatia,Southampton,"Chicago, Illinois, US",,
"Ström, Mrs. Elna Matilda (née Persson)",29,"Indiana Harbor, Indiana",US,Southampton,"Indiana Harbor, Indiana, US",,
"Ström, Miss Thelma Matilda Wilhelmina",2,"Indiana Harbor, Indiana",US,Southampton,"Indiana Harbor, Indiana, US",,
"Sunderland, Mr. Victor Francis",20,London,England,Southampton,"Cleveland, Ohio, US",B,
"Sundman, Mr. Johan Julian",44,Munsala,Finland,Southampton,"Cheyenne, Wyoming, US",15,
"Sutehall Jr., Mr. Henry",25,London,England,Southampton,"Buffalo, New York, US",,
"Svensson, Mr. Johan",74,"Reftele, Småland",Sweden,Southampton,"Effington Rut, South Dakota, US",,
"Svensson, Mr. Johan Cervin",14,"Knäred, Halland",Sweden,Southampton,"Beresford, South Dakota, US",13,
"Svensson, Mr. Olof",24,"Björkeberga, Skåne",Sweden,Southampton,New York City,,
"Tenglin, Mr. Gunnar Isidor",25,"Stockholm, Uppland",Sweden,Southampton,"Burlington, Iowa, US",13,
"Theobald, Mr. Thomas Leonard",34,"Strood, Kent",England,Southampton,"Detroit, Michigan, US",,176MB
"Tannous, Mr. Bashir (Charles)",31,Hardîne,Lebanon,Cherbourg,"Wilkes Barre, Pennsylvania, US",,
"Tannous, Mrs. Thamini Khoury Fa'ud ""Thelma""",16,Hardîne,Lebanon,Cherbourg,"Wilkes Barre, Pennsylvania, US",14,
"Tannous, Master As'ad Iskandar Fa'ud",5 mo.,Hardîne,Lebanon,Cherbourg,"Wilkes Barre, Pennsylvania, US",16,
"Thomas, Mr. John",34,Unknown,Unknown,Cherbourg,"Columbus, Ohio, US",,
"Thomas, Mr. Tannous John",16,Unknown,Lebanon,Cherbourg,"Columbus, Ohio, US",,
"Thompson, Mr. Alexander Morrison",36,Unknown,Scotland,Southampton,New York City,,
"Thorneycroft, Mr. Percival Thomas",36,"Maidstone, Kent",England,Southampton,"Clinton, New York, US",,
"Thorneycroft, Mrs. Florence Kate (née Stears)",32,"Maidstone, Kent",England,Southampton,"Clinton, New York, US",10,
"Tikkanen, Mr. Juho",32,Pielavesi,Finland,Southampton,New York City,,
"Tobin, Mr. Roger",20,"Cahir, Tipperary",Ireland,Queenstown,New York City,,
"Todoroff, Mr. Lalio",23,Unknown,Bulgaria,Southampton,"Chicago, Illinois, US",,
"Tomlin, Mr. Ernest Portage",22,"Portage la Prairie, Manitoba",Canada,Southampton,"Des Moines, Iowa, US",,50MB
"Törber, Mr. Ernst Wilhelm",44,Unknown,Germany,Southampton,New York City,,
"Torfa, Mr. Assad",20,Unknown,Syria,Cherbourg,New York City,,
"Törnquist, Mr. William Henry",25,Sundbyberg,Sweden,Southampton,New York City,15,
"Touma, Mrs. Hanna Youssef (née Razi)",27,Tibnin,Lebanon,Cherbourg,"Dowagiac, Michigan, US",C,
"Touma, Miss Marianna Youssef",9,Tibnin,Lebanon,Cherbourg,"Dowagiac, Michigan, US",C,
"Touma, Master Gerios (George) Youssef",8,Tibnin,Lebanon,Cherbourg,"Dowagiac, Michigan, US",C,
"Turčin, Mr. Stjepan",36,Bratina,Croatia,Southampton,"Youngstown, Ohio, US",,
"Turja, Miss Anna Sofiia",18,"Oulainen, Oulu",Finland,Southampton,"Ashtabula, Ohio, US",15,
"Turkula, Mrs. Hedvig",63,"Jalasjärvi, Southern Ostrobothnia",Finland,Southampton,"Hibbing, Minnesota, US",15,
"Van Billiard, Mr. Austin Blyler",35,London,England,Southampton,"North Wales, Pennsylvania, US",,255MB
"Van Billiard, Master James William",10,London,England,Southampton,"North Wales, Pennsylvania, US",,
"Van Billiard, Master Walter John",9,London,England,Southampton,"North Wales, Pennsylvania, US",,1{?}MB[89][90]
"Van de Velde, Mr. Johannes Josef",35,Denderhoutem,Belgium,Southampton,New York City,,
"Van den Steen, Mr. Leo Peter",28,Haaltert,Belgium,Southampton,New York City,,
"Van Impe, Mr. Jean-Baptiste",36,Kerksken,Belgium,Southampton,"Detroit, Michigan, US",,
"Van Impe, Mrs. Rosalie Paula (née Govaert)",30,Kerksken,Belgium,Southampton,"Detroit, Michigan, US",,
"Van Impe, Miss Catharina",10,Kerksken,Belgium,Southampton,"Detroit, Michigan, US",,
"Van Melkebeke, Mr. Philemon Edmund",23,"Haaltert, East Flanders",Belgium,Southampton,"Detroit, Michigan, US",,
"Vandercruyssen, Mr. Victor",46,Zwevezele,Belgium,Southampton,"Detroit, Michigan, US",,
"Vanderplancke, Mr. Julius",31,Zwevezele,Belgium,Southampton,"Fremont, Ohio, US",,
"Vanderplancke, Mrs. Emelie Maria (née Vandemoortele)",31,Pittem,Belgium,Southampton,"Fremont, Ohio, US",,
"Vanderplancke, Miss Augusta Maria",18,Zwevezele,Belgium,Southampton,"Fremont, Ohio, US",,
"Vanderplancke, Mr. Leo Edmondus",15,Zwevezele,Belgium,Southampton,"Fremont, Ohio, US",,
"Van de Walle, Mr. Nestor Cyriel",28,Westrozebeke,Belgium,Southampton,New York City,,
"Vartanian, Mr. Dawud",22,Kiğı,Turkey,Cherbourg,"Brantford, Ontario, Canada",13,
"Vendel, Mr. Olof Edvin",29,"Östra Sallerup, Skåne",Sweden,Southampton,"St. Paul, Minnesota, US",,
"Veström, Miss Hulda Amanda Adolfina",14,"Salmunds, Gotland",Sweden,Southampton,"Los Angeles, US",,
"Vovk, Mr. Janko",21,Jesenice,Slovenia,Southampton,"St. Joseph, Minnesota, US",,
"Waelens, Mr. Achille",22,"Ruiselede, West Flanders",Belgium,Southampton,"Stanton, Ohio, US",,140MB
"Ware, Mr. Frederick William",34,"Greenwich, London",England,Southampton,New York City,,
"Warren, Mr. Charles William",30,"Portsmouth, Hampshire",England,Southampton,New York City,,
"Wazni, Mr. Yousif Ahmed",25,Tebnin,Lebanon,Cherbourg,New York City,,
"Webber, Mr. James",66,San Francisco,US,Southampton,"San Francisco, US",,
"Wennerström, Mr. August Edvard Andersson",27,"Malmö, Skåne",Sweden,Southampton,"Chicago, Illinois, US",A,
"Widegren, Mr. Carl Peter",51,"Algutsrum, Kalmar",Sweden,Southampton,New York City,,
"Wiklund, Mr. Jakob Alfred",18,Nikolaistad,Finland,Southampton,"Montreal, Quebec, Canada",,314
"Wiklund, Mr. Karl Johan",21,Nikolaistad,Finland,Southampton,"Montreal, Quebec, Canada",,
"Wilkes, Mrs. Ellen",47,"Penzance, Cornwall",England,Southampton,"Akron, Ohio, US",16,
"Willer, Mr. Aaron",37,Unknown,Russia,Cherbourg,"Chicago, Illinois, US",,
"Willey, Mr. Edward",18,"Market Drayton, Shropshire",England,Southampton,"Schenectady, New York, US",,
"Williams, Mr. Howard Hugh ""Harry""",28,"Guernsey, Channel Islands",Channel Islands,Southampton,New York City,,
"Williams, Mr. Leslie",28,"Tonypandy, Glamorgan",Wales,Southampton,New York City,,14MB
"Windeløv, Mr. Einar",21,Cape Town,South Africa,Southampton,New York City,,
"Wirz, Mr. Albert",27,Uster,Switzerland,Southampton,"Beloit, Wisconsin, US",,131MB
"Wiseman, Mr. Phillippe",54,London,England,Southampton,"Quebec City, Quebec, Canada",,
"Wittevrongel, Mr. Camilius Aloysius",36,Westrozebeke,Belgium,Southampton,"Detroit, Michigan, US",,
"Yasbak, Mr. Antun",27,Unknown,Lebanon,Cherbourg,"Wilkes-Barre, Pennsylvania, US",,
"Yasbak, Mrs. Silanah Fa'ud (née Iskandar)",15,Unknown,Lebanon,Cherbourg,"Wilkes-Barre, Pennsylvania, US",C,
"Ylieff, Mr. Ylio",32,Unknown,Bulgaria,Southampton,"Chicago, Illinois, US",,
"Youssef, Mr. Gerios (Abi Saab)",26,Hardîne,Lebanon,Cherbourg,"Youngstown, Ohio, US",,312M
"Youssef, Mr. Gerios (Sam'aan)",45,Hardîne,Lebanon,Cherbourg,"Wilkes-Barre, Pennsylvania, US",,
"Zajib Qiyamah, Miss Adal ""Jane""",15,El Shweir,Lebanon,Cherbourg,"Brooklyn, New York, US",C,
"Zakarian, Mr. Haroutyun Der",27,Kiğı,Turkey,Cherbourg,"Brantford, Ontario, Canada",,
"Zakarian, Mr. Mapri Der",22,Kiğı,Turkey,Cherbourg,"Brantford, Ontario, Canada",,304MB
"Zimmermann, Mr. Leo",29,Todtmoos,Germany,Southampton,"Saskatoon, Saskatchewan, Canada",,
